legajo,nombre,apellido,suledo
1,Lexine,O'Siaghail,4376
2,Chiarra,Iamittii,2332
3,Coretta,Twinterman,9846
4,Veronike,Oxton,4530
5,Olvan,Jardein,8662
6,Royal,Fahey,6279
7,Cesya,Fusco,4745
8,Davidson,Rupke,2366
9,Brooks,Willbourne,9706
10,Lorianna,Peasgood,9981
11,Gaylor,Eastgate,7734
12,Stinky,Carefull,8051
13,Gill,Lester,4334
14,Garret,Willcocks,8816
15,Gertrudis,Armiger,4620
16,Julina,Coniam,2718
17,Ole,Garz,9341
18,Aloin,Bellini,8521
19,Eustacia,Burberry,3253
20,Godart,Shann,7151
21,Tootsie,De Mattia,8011
22,Ogdan,Harses,5939
23,Dena,Urwen,5233
24,Ilsa,Sayer,3529
25,Andree,Denge,9977
26,Jarrid,Tams,7280
27,Ricardo,Arkin,6878
28,Karolina,Ullett,3695
29,Thornie,Delacote,8813
30,Bennett,Arent,5236
31,Ardine,Aykroyd,6691
32,Clareta,Billborough,6624
33,Boot,Dyte,6331
34,Zulema,Shynn,5866
35,Georgie,Grennan,8653
36,Neysa,Patek,3888
37,Inness,Whicher,7024
38,Dag,Mahon,2264
39,Ammamaria,Chastey,8873
40,Florence,Jeffers,9901
41,Katrine,Cruz,9475
42,Spike,Oswell,3884
43,Keary,Clack,7177
44,Trumann,Cain,8029
45,Sherri,Bellison,2064
46,Thekla,Daintry,7525
47,Vanessa,Kettlewell,8693
48,Gale,Giral,8277
49,Renault,Gerram,4443
50,Olag,Kennan,2672
